first_name,last_name,salary,age,doj,manager_name,employee_id,dob,dept_id
Mickey,Mouse,10000,21,2023-07-06,Sponge,101,2002-01-01,1
Minnie,Pink,20001,22,2023-06-06,Bob,102,2001-01-01,2
Donald,Duck,30002,23,2023-05-07,Square,103,2000-02-02,3
Daisy,Yellow,40003,24,2023-04-07,Pants,104,1999-03-03,4
Goofy,Dog,50004,25,2023-03-08,Patrick,105,1998-04-04,5
Pete,Cat,60005,26,2023-02-06,Star,106,1997-05-05,6
Pluto,White,70006,27,2023-01-07,Squid,107,1996-06-06,7
Huey,Red,80007,28,2022-12-08,Ward,108,1995-07-07,8
Dewey,Black,90008,29,2022-11-08,Eugene,109,1994-08-08,9
Louise,Brown,100009,30,2022-10-09,Gary,110,1993-09-09,10
Mickey,Mouse,10010,31,2022-09-09,Sponge,111,1992-10-10,1
Minnie,Pink,20011,32,2022-08-10,Bob,112,1991-11-11,2
Donald,Duck,30012,33,2022-07-11,Square,113,1990-01-12,3
Daisy,Yellow,40013,34,2022-06-11,Pants,114,1989-01-13,4
Goofy,Dog,50014,35,2022-05-12,Patrick,115,1988-02-14,5
Pete,Cat,60015,36,2022-04-12,Star,116,1987-03-15,6
Pluto,White,70016,37,2022-03-13,Squid,117,1986-04-16,7
Huey,Red,80017,38,2022-02-11,Ward,118,1985-05-17,8
Dewey,Black,90018,39,2022-01-12,Eugene,119,1984-06-18,9
Louise,Brown,100019,40,2021-12-13,Gary,120,1983-07-19,10
Mickey,Mouse,10020,41,2021-11-13,Sponge,121,1982-08-20,1
Minnie,Pink,20021,42,2021-10-14,Bob,122,1981-09-21,2
Donald,Duck,30022,43,2021-09-14,Square,123,1980-10-22,3
Daisy,Yellow,40023,44,2021-08-15,Pants,124,1979-11-23,4
Goofy,Dog,50024,45,2021-07-16,Patrick,125,1978-01-24,5
Pete,Cat,60025,46,2021-06-16,Star,126,1977-01-25,6
Pluto,White,70026,47,2021-05-17,Squid,127,1976-02-26,7
Huey,Red,80027,48,2021-04-17,Ward,128,1975-03-27,8
Dewey,Black,90028,49,2021-03-18,Eugene,129,1974-04-28,9
Louise,Brown,100029,50,2021-02-16,Gary,130,1973-05-29,10
Mickey,Mouse,10030,51,2021-01-17,Sponge,131,1972-06-30,1
Minnie,Pink,20031,52,2020-12-18,Bob,132,1971-07-01,2
Donald,Duck,30032,53,2020-11-18,Square,133,1970-08-01,3
Daisy,Yellow,40033,54,2020-10-19,Pants,134,1969-09-02,4
Goofy,Dog,50034,55,2020-09-19,Patrick,135,1968-10-03,5
Pete,Cat,60035,56,2020-08-20,Star,136,1967-11-04,6
Pluto,White,70036,57,2020-07-21,Squid,137,1966-01-05,7
Huey,Red,80037,58,2020-06-21,Ward,138,1965-01-06,8
Dewey,Black,90038,59,2020-05-22,Eugene,139,1964-02-07,9
Louise,Brown,100039,60,2020-04-22,Gary,140,1963-03-08,10
Mickey,Mouse,10040,21,2023-06-09,Sponge,141,2002-04-09,1
Minnie,Pink,20041,22,2023-06-09,Bob,142,2001-05-10,2
Donald,Duck,30042,23,2023-06-09,Square,143,2000-06-11,3
Daisy,Yellow,40043,24,2023-06-09,Pants,144,1999-07-12,4
Goofy,Dog,50044,25,2019-11-24,Patrick,145,1998-08-13,5
Pete,Cat,60045,26,2019-10-25,Star,146,1997-09-14,6
Pluto,White,70046,27,2019-09-25,Squid,147,1996-10-15,7
Huey,Red,80047,28,2019-08-26,Ward,148,1995-11-16,8
Dewey,Black,90048,29,2019-07-27,Eugene,149,1994-01-17,9
Louise,Brown,100049,30,2019-06-27,Gary,150,1993-01-18,10
Mickey,Mouse,10050,31,2019-05-28,Sponge,151,1992-02-19,1
Minnie,Pink,20051,32,2019-04-28,Bob,152,1991-03-20,2
Donald,Duck,30052,33,2019-03-29,Square,153,1990-04-21,3
Daisy,Yellow,40053,34,2019-02-27,Pants,154,1989-05-22,4
Goofy,Dog,50054,35,2019-01-28,Patrick,155,1988-06-23,5
Pete,Cat,60055,36,2018-12-29,Star,156,1987-07-24,6
Pluto,White,70056,37,2018-11-29,Squid,157,1986-08-25,7
Huey,Red,80057,38,2018-10-30,Ward,158,1985-09-26,8
Dewey,Black,90058,39,2018-09-30,Eugene,159,1984-10-27,9
Louise,Brown,100059,40,2018-08-31,Gary,160,1983-11-28,10
Mickey,Mouse,10060,41,2018-08-01,Sponge,161,1982-01-29,1
Minnie,Pink,20061,42,2018-07-02,Bob,162,1981-01-30,2
Donald,Duck,30062,43,2018-06-02,Square,163,1980-02-01,3
Daisy,Yellow,40063,44,2018-05-03,Pants,164,1979-03-01,4
Goofy,Dog,50064,45,2018-04-03,Patrick,165,1978-04-02,5
Pete,Cat,60065,46,2018-03-04,Star,166,1977-05-03,6
Pluto,White,70066,47,2018-02-02,Squid,167,1976-06-04,7
Huey,Red,80067,48,2018-01-03,Ward,168,1975-07-05,8
Dewey,Black,90068,49,2017-12-04,Eugene,169,1974-08-06,9
Louise,Brown,100069,50,2017-11-04,Gary,170,1973-09-07,10
Mickey,Mouse,10070,51,2017-10-05,Sponge,171,1972-10-08,1
Minnie,Pink,20071,52,2017-09-05,Bob,172,1971-11-09,2
Donald,Duck,30072,53,2017-08-06,Square,173,1970-01-10,3
Daisy,Yellow,40073,54,2017-07-07,Pants,174,1969-01-11,4
Goofy,Dog,50074,55,2017-06-07,Patrick,175,1968-02-12,5
Pete,Cat,60075,56,2017-05-08,Star,176,1967-03-13,6
Pluto,White,70076,57,2017-04-08,Squid,177,1966-04-14,7
Huey,Red,80077,58,2017-03-09,Ward,178,1965-05-15,8
Dewey,Black,90078,59,2017-02-07,Eugene,179,1964-06-16,9
Louise,Brown,100079,60,2017-01-08,Gary,180,1963-07-17,10
Mickey,Mouse,10080,21,2023-06-09,Sponge,181,2002-08-18,1
Minnie,Pink,20081,22,2023-06-09,Bob,182,2001-09-19,2
Donald,Duck,30082,23,2023-06-09,Square,183,2000-10-20,3
Daisy,Yellow,40083,24,2023-06-09,Pants,184,1999-11-21,4
Goofy,Dog,50084,25,2023-06-09,Patrick,185,1998-01-22,5
Pete,Cat,60085,26,2023-06-09,Star,186,1997-01-23,6
Pluto,White,70086,27,2023-06-09,Squid,187,1996-02-24,7
Huey,Red,80087,28,2016-05-13,Ward,188,1995-03-25,8
Dewey,Black,90088,29,2016-04-13,Eugene,189,1994-04-26,9
Louise,Brown,100089,30,2016-03-14,Gary,190,1993-05-27,10
Mickey,Mouse,10090,31,2016-02-13,Sponge,191,1992-06-28,1
Minnie,Pink,20091,32,2016-01-14,Bob,192,1991-07-29,2
Donald,Duck,30092,33,2015-12-15,Square,193,1990-08-30,3
Daisy,Yellow,40093,34,2015-11-15,Pants,194,1989-09-01,4
Goofy,Dog,50094,35,2015-10-16,Patrick,195,1988-10-01,5
Pete,Cat,60095,36,2015-09-16,Star,196,1987-11-02,6
Pluto,White,70096,37,2015-08-17,Squid,197,1986-01-03,7
Huey,Red,80097,38,2015-07-18,Ward,198,1985-01-04,8
Dewey,Black,90098,39,2015-06-18,Eugene,199,1984-02-05,9
Louise,Brown,100099,40,2015-05-19,Gary,200,1983-03-06,10
Mickey,Mouse,10100,41,2015-04-19,Sponge,201,1982-04-07,1
Minnie,Pink,20101,42,2015-03-20,Bob,202,1981-05-08,2
Donald,Duck,30102,43,2015-02-18,Square,203,1980-06-09,3
Daisy,Yellow,40103,44,2015-01-19,Pants,204,1979-07-10,4
Goofy,Dog,50104,45,2014-12-20,Patrick,205,1978-08-11,5
Pete,Cat,60105,46,2014-11-20,Star,206,1977-09-12,6
Pluto,White,70106,47,2014-10-21,Squid,207,1976-10-13,7
Huey,Red,80107,48,2014-09-21,Ward,208,1975-11-14,8
Dewey,Black,90108,49,2014-08-22,Eugene,209,1974-01-15,9
Louise,Brown,100109,50,2014-07-23,Gary,210,1973-01-16,10
Mickey,Mouse,10110,51,2014-06-23,Sponge,211,1972-02-17,1
Minnie,Pink,20111,52,2014-05-24,Bob,212,1971-03-18,2
Donald,Duck,30112,53,2014-04-24,Square,213,1970-04-19,3
Daisy,Yellow,40113,54,2014-03-25,Pants,214,1969-05-20,4
Goofy,Dog,50114,55,2014-02-23,Patrick,215,1968-06-21,5
Pete,Cat,60115,56,2014-01-24,Star,216,1967-07-22,6
Pluto,White,70116,57,2013-12-25,Squid,217,1966-08-23,7
Huey,Red,80117,58,2013-11-25,Ward,218,1965-09-24,8
Dewey,Black,90118,59,2013-10-26,Eugene,219,1964-10-25,9
Louise,Brown,100119,60,2013-09-26,Gary,220,1963-11-26,10
Mickey,Mouse,10120,21,2023-06-09,Sponge,221,2002-01-27,1
Minnie,Pink,20121,22,2023-06-09,Bob,222,2001-01-28,2
Donald,Duck,30122,23,2023-06-09,Square,223,2000-02-28,3
Daisy,Yellow,40123,24,2023-06-09,Pants,224,1999-03-30,4
Goofy,Dog,50124,25,2023-06-09,Patrick,225,1998-04-01,5
Pete,Cat,60125,26,2023-06-09,Star,226,1997-05-01,6
Pluto,White,70126,27,2023-06-09,Squid,227,1996-06-02,7
Huey,Red,80127,28,2023-06-09,Ward,228,1995-07-03,8
Dewey,Black,90128,29,2023-06-09,Eugene,229,1994-08-04,9
Louise,Brown,100129,30,2023-06-09,Gary,230,1993-09-05,10
Mickey,Mouse,10130,31,2023-06-09,Sponge,231,1992-10-06,1
Minnie,Pink,20131,32,2012-10-01,Bob,232,1991-11-07,2
Donald,Duck,30132,33,2012-09-01,Square,233,1990-01-08,3
Daisy,Yellow,40133,34,2012-08-02,Pants,234,1989-01-09,4
Goofy,Dog,50134,35,2012-07-03,Patrick,235,1988-02-10,5
Pete,Cat,60135,36,2012-06-03,Star,236,1987-03-11,6
Pluto,White,70136,37,2012-05-04,Squid,237,1986-04-12,7
Huey,Red,80137,38,2012-04-04,Ward,238,1985-05-13,8
Dewey,Black,90138,39,2012-03-05,Eugene,239,1984-06-14,9
Louise,Brown,100139,40,2012-02-04,Gary,240,1983-07-15,10
Mickey,Mouse,10140,41,2012-01-05,Sponge,241,1982-08-16,1
Minnie,Pink,20141,42,2011-12-06,Bob,242,1981-09-17,2
Donald,Duck,30142,43,2011-11-06,Square,243,1980-10-18,3
Daisy,Yellow,40143,44,2011-10-07,Pants,244,1979-11-19,4
Goofy,Dog,50144,45,2011-09-07,Patrick,245,1978-01-20,5
Pete,Cat,60145,46,2011-08-08,Star,246,1977-01-21,6
Pluto,White,70146,47,2011-07-09,Squid,247,1976-02-22,7
Huey,Red,80147,48,2011-06-09,Ward,248,1975-03-23,8
Dewey,Black,90148,49,2011-05-10,Eugene,249,1974-04-24,9
Louise,Brown,100149,50,2011-04-10,Gary,250,1973-05-25,10
Mickey,Mouse,10150,51,2011-03-11,Sponge,251,1972-06-26,1
Minnie,Pink,20151,52,2011-02-09,Bob,252,1971-07-27,2
Donald,Duck,30152,53,2011-01-10,Square,253,1970-08-28,3
Daisy,Yellow,40153,54,2010-12-11,Pants,254,1969-09-29,4
Goofy,Dog,50154,55,2010-11-11,Patrick,255,1968-10-30,5
Pete,Cat,60155,56,2010-10-12,Star,256,1967-11-01,6
Pluto,White,70156,57,2010-09-12,Squid,257,1966-01-01,7
Huey,Red,80157,58,2010-08-13,Ward,258,1965-01-02,8
Dewey,Black,90158,59,2010-07-14,Eugene,259,1964-02-03,9
Louise,Brown,100159,60,2010-06-14,Gary,260,1963-03-04,10
Mickey,Mouse,10160,21,2023-06-09,Sponge,261,2002-04-05,1
Minnie,Pink,20161,22,2023-06-09,Bob,262,2001-05-06,2
Donald,Duck,30162,23,2023-06-09,Square,263,2000-06-07,3
Daisy,Yellow,40163,24,2023-06-09,Pants,264,1999-07-08,4
Goofy,Dog,50164,25,2023-06-09,Patrick,265,1998-08-09,5
Pete,Cat,60165,26,2023-06-09,Star,266,1997-09-10,6
Pluto,White,70166,27,2023-06-09,Squid,267,1996-10-11,7
Huey,Red,80167,28,2023-06-09,Ward,268,1995-11-12,8
Dewey,Black,90168,29,2023-06-09,Eugene,269,1994-01-13,9
Louise,Brown,100169,30,2023-06-09,Gary,270,1993-01-14,10
Mickey,Mouse,10170,31,2023-06-09,Sponge,271,1992-02-15,1
Minnie,Pink,20171,32,2023-06-09,Bob,272,1991-03-16,2
Donald,Duck,30172,33,2023-06-09,Square,273,1990-04-17,3
Daisy,Yellow,40173,34,2023-06-09,Pants,274,1989-05-18,4
Goofy,Dog,50174,35,2009-03-21,Patrick,275,1988-06-19,5
Pete,Cat,60175,36,2009-02-19,Star,276,1987-07-20,6
Pluto,White,70176,37,2009-01-20,Squid,277,1986-08-21,7
Huey,Red,80177,38,2008-12-21,Ward,278,1985-09-22,8
Dewey,Black,90178,39,2008-11-21,Eugene,279,1984-10-23,9
Louise,Brown,100179,40,2008-10-22,Gary,280,1983-11-24,10
Mickey,Mouse,10180,41,2008-09-22,Sponge,281,1982-01-25,1
Minnie,Pink,20181,42,2008-08-23,Bob,282,1981-01-26,2
Donald,Duck,30182,43,2008-07-24,Square,283,1980-02-27,3
Daisy,Yellow,40183,44,2008-06-24,Pants,284,1979-03-28,4
Goofy,Dog,50184,45,2008-05-25,Patrick,285,1978-04-29,5
Pete,Cat,60185,46,2008-04-25,Star,286,1977-05-30,6
Pluto,White,70186,47,2008-03-26,Squid,287,1976-06-01,7
Huey,Red,80187,48,2008-02-25,Ward,288,1975-07-01,8
Dewey,Black,90188,49,2008-01-26,Eugene,289,1974-08-02,9
Louise,Brown,100189,50,2007-12-27,Gary,290,1973-09-03,10
Mickey,Mouse,10190,51,2007-11-27,Sponge,291,1972-10-04,1
Minnie,Pink,20191,52,2007-10-28,Bob,292,1971-11-05,2
Donald,Duck,30192,53,2007-09-28,Square,293,1970-01-06,3
Daisy,Yellow,40193,54,2007-08-29,Pants,294,1969-01-07,4
Goofy,Dog,50194,55,2007-07-30,Patrick,295,1968-02-08,5
Pete,Cat,60195,56,2007-06-30,Star,296,1967-03-09,6
Pluto,White,70196,57,2007-05-31,Squid,297,1966-04-10,7
Huey,Red,80197,58,2007-05-01,Ward,298,1965-05-11,8
Dewey,Black,90198,59,2007-04-01,Eugene,299,1964-06-12,9
Louise,Brown,100199,60,2007-03-02,Gary,300,1963-07-13,10
Mickey,Mouse,10200,21,2023-06-09,Sponge,301,2002-08-14,1
Minnie,Pink,20201,22,2023-06-09,Bob,302,2001-09-15,2
Donald,Duck,30202,23,2023-06-09,Square,303,2000-10-16,3
Daisy,Yellow,40203,24,2023-06-09,Pants,304,1999-11-17,4
Goofy,Dog,50204,25,2023-06-09,Patrick,305,1998-01-18,5
Pete,Cat,60205,26,2023-06-09,Star,306,1997-01-19,6
Pluto,White,70206,27,2023-06-09,Squid,307,1996-02-20,7
Huey,Red,80207,28,2023-06-09,Ward,308,1995-03-21,8
Dewey,Black,90208,29,2023-06-09,Eugene,309,1994-04-22,9
Louise,Brown,100209,30,2023-06-09,Gary,310,1993-05-23,10
Mickey,Mouse,10210,31,2023-06-09,Sponge,311,1992-06-24,1
Minnie,Pink,20211,32,2023-06-09,Bob,312,1991-07-25,2
Donald,Duck,30212,33,2023-06-09,Square,313,1990-08-26,3
Daisy,Yellow,40213,34,2023-06-09,Pants,314,1989-09-27,4
Goofy,Dog,50214,35,2023-06-09,Patrick,315,1988-10-28,5
Pete,Cat,60215,36,2023-06-09,Star,316,1987-11-29,6
Pluto,White,70216,37,2023-06-09,Squid,317,1986-01-30,7
Huey,Red,80217,38,2023-06-09,Ward,318,1985-01-01,8
Dewey,Black,90218,39,2005-08-09,Eugene,319,1984-02-01,9
Louise,Brown,100219,40,2005-07-10,Gary,320,1983-03-02,10
Mickey,Mouse,10220,41,2005-06-10,Sponge,321,1982-04-03,1
Minnie,Pink,20221,42,2005-05-11,Bob,322,1981-05-04,2
Donald,Duck,30222,43,2005-04-11,Square,323,1980-06-05,3
Daisy,Yellow,40223,44,2005-03-12,Pants,324,1979-07-06,4
Goofy,Dog,50224,45,2005-02-10,Patrick,325,1978-08-07,5
Pete,Cat,60225,46,2005-01-11,Star,326,1977-09-08,6
Pluto,White,70226,47,2004-12-12,Squid,327,1976-10-09,7
Huey,Red,80227,48,2004-11-12,Ward,328,1975-11-10,8
Dewey,Black,90228,49,2004-10-13,Eugene,329,1974-01-11,9
Louise,Brown,100229,50,2004-09-13,Gary,330,1973-01-12,10
Mickey,Mouse,10230,51,2004-08-14,Sponge,331,1972-02-13,1
Minnie,Pink,20231,52,2004-07-15,Bob,332,1971-03-14,2
Donald,Duck,30232,53,2004-06-15,Square,333,1970-04-15,3
Daisy,Yellow,40233,54,2004-05-16,Pants,334,1969-05-16,4
Goofy,Dog,50234,55,2004-04-16,Patrick,335,1968-06-17,5
Pete,Cat,60235,56,2004-03-17,Star,336,1967-07-18,6
Pluto,White,70236,57,2004-02-16,Squid,337,1966-08-19,7
Huey,Red,80237,58,2004-01-17,Ward,338,1965-09-20,8
Dewey,Black,90238,59,2003-12-18,Eugene,339,1964-10-21,9
Louise,Brown,100239,60,2003-11-18,Gary,340,1963-11-22,10
Mickey,Mouse,10240,21,2023-06-09,Sponge,341,2002-01-23,1
Minnie,Pink,20241,22,2023-06-09,Bob,342,2001-01-24,2
Donald,Duck,30242,23,2023-06-09,Square,343,2000-02-25,3
Daisy,Yellow,40243,24,2023-06-09,Pants,344,1999-03-26,4
Goofy,Dog,50244,25,2023-06-09,Patrick,345,1998-04-27,5
Pete,Cat,60245,26,2023-06-09,Star,346,1997-05-28,6
Pluto,White,70246,27,2023-06-09,Squid,347,1996-06-29,7
Huey,Red,80247,28,2023-06-09,Ward,348,1995-07-30,8
Dewey,Black,90248,29,2023-06-09,Eugene,349,1994-08-01,9
Louise,Brown,100249,30,2023-06-09,Gary,350,1993-09-01,10
Mickey,Mouse,10250,31,2023-06-09,Sponge,351,1992-10-02,1
Minnie,Pink,20251,32,2023-06-09,Bob,352,1991-11-03,2
Donald,Duck,30252,33,2023-06-09,Square,353,1990-01-04,3
Daisy,Yellow,40253,34,2023-06-09,Pants,354,1989-01-05,4
Goofy,Dog,50254,35,2023-06-09,Patrick,355,1988-02-06,5
Pete,Cat,60255,36,2023-06-09,Star,356,1987-03-07,6
Pluto,White,70256,37,2023-06-09,Squid,357,1986-04-08,7
Huey,Red,80257,38,2023-06-09,Ward,358,1985-05-09,8
Dewey,Black,90258,39,2023-06-09,Eugene,359,1984-06-10,9
Louise,Brown,100259,40,2023-06-09,Gary,360,1983-07-11,10
Mickey,Mouse,10260,41,2023-06-09,Sponge,361,1982-08-12,1
Minnie,Pink,20261,42,2002-01-27,Bob,362,1981-09-13,2
Donald,Duck,30262,43,2001-12-28,Square,363,1980-10-14,3
Daisy,Yellow,40263,44,2001-11-28,Pants,364,1979-11-15,4
Goofy,Dog,50264,45,2001-10-29,Patrick,365,1978-01-16,5
Pete,Cat,60265,46,2001-09-29,Star,366,1977-01-17,6
Pluto,White,70266,47,2001-08-30,Squid,367,1976-02-18,7
Huey,Red,80267,48,2001-07-31,Ward,368,1975-03-19,8
Dewey,Black,90268,49,2001-07-01,Eugene,369,1974-04-20,9
Louise,Brown,100269,50,2001-06-01,Gary,370,1973-05-21,10
Mickey,Mouse,10270,51,2001-05-02,Sponge,371,1972-06-22,1
Minnie,Pink,20271,52,2001-04-02,Bob,372,1971-07-23,2
Donald,Duck,30272,53,2001-03-03,Square,373,1970-08-24,3
Daisy,Yellow,40273,54,2001-02-01,Pants,374,1969-09-25,4
Goofy,Dog,50274,55,2001-01-02,Patrick,375,1968-10-26,5
Pete,Cat,60275,56,2000-12-03,Star,376,1967-11-27,6
Pluto,White,70276,57,2000-11-03,Squid,377,1966-01-28,7
Huey,Red,80277,58,2000-10-04,Ward,378,1965-01-29,8
Dewey,Black,90278,59,2000-09-04,Eugene,379,1964-02-28,9
Louise,Brown,100279,60,2000-08-05,Gary,380,1963-03-01,10
Mickey,Mouse,10280,21,2023-06-09,Sponge,381,2002-04-01,1
Minnie,Pink,20281,22,2023-06-09,Bob,382,2001-05-02,2
Donald,Duck,30282,23,2023-06-09,Square,383,2000-06-03,3
Daisy,Yellow,40283,24,2023-06-09,Pants,384,1999-07-04,4
Goofy,Dog,50284,25,2023-06-09,Patrick,385,1998-08-05,5
Pete,Cat,60285,26,2023-06-09,Star,386,1997-09-06,6
Pluto,White,70286,27,2023-06-09,Squid,387,1996-10-07,7
Huey,Red,80287,28,2023-06-09,Ward,388,1995-11-08,8
Dewey,Black,90288,29,2023-06-09,Eugene,389,1994-01-09,9
Louise,Brown,100289,30,2023-06-09,Gary,390,1993-01-10,10
Mickey,Mouse,10290,31,2023-06-09,Sponge,391,1992-02-11,1
Minnie,Pink,20291,32,2023-06-09,Bob,392,1991-03-12,2
Donald,Duck,30292,33,2023-06-09,Square,393,1990-04-13,3
Daisy,Yellow,40293,34,2023-06-09,Pants,394,1989-05-14,4
Goofy,Dog,50294,35,2023-06-09,Patrick,395,1988-06-15,5
Pete,Cat,60295,36,2023-06-09,Star,396,1987-07-16,6
Pluto,White,70296,37,2023-06-09,Squid,397,1986-08-17,7
Huey,Red,80297,38,2023-06-09,Ward,398,1985-09-18,8
Dewey,Black,90298,39,2023-06-09,Eugene,399,1984-10-19,9
Louise,Brown,100299,40,2023-06-09,Gary,400,1983-11-20,10
Mickey,Mouse,10300,41,2023-06-09,Sponge,401,1982-01-21,1
Minnie,Pink,20301,42,2023-06-09,Bob,402,1981-01-22,2
Donald,Duck,30302,43,2023-06-09,Square,403,1980-02-23,3
Daisy,Yellow,40303,44,2023-06-09,Pants,404,1979-03-24,4
Goofy,Dog,50304,45,2023-06-09,Patrick,405,1978-04-25,5
Pete,Cat,60305,46,1998-06-17,Star,406,1977-05-26,6
Pluto,White,70306,47,1998-05-18,Squid,407,1976-06-27,7
Huey,Red,80307,48,1998-04-18,Ward,408,1975-07-28,8
Dewey,Black,90308,49,1998-03-19,Eugene,409,1974-08-29,9
Louise,Brown,100309,50,1998-02-17,Gary,410,1973-09-30,10
Mickey,Mouse,10310,51,1998-01-18,Sponge,411,1972-10-01,1
Minnie,Pink,20311,52,1997-12-19,Bob,412,1971-11-01,2
Donald,Duck,30312,53,1997-11-19,Square,413,1970-01-02,3
Daisy,Yellow,40313,54,1997-10-20,Pants,414,1969-01-03,4
Goofy,Dog,50314,55,1997-09-20,Patrick,415,1968-02-04,5
Pete,Cat,60315,56,1997-08-21,Star,416,1967-03-05,6
Pluto,White,70316,57,1997-07-22,Squid,417,1966-04-06,7
Huey,Red,80317,58,1997-06-22,Ward,418,1965-05-07,8
Dewey,Black,90318,59,1997-05-23,Eugene,419,1964-06-08,9
Louise,Brown,100319,60,1997-04-23,Gary,420,1963-07-09,10
Mickey,Mouse,10320,21,2023-06-09,Sponge,421,2002-08-10,1
Minnie,Pink,20321,22,2023-06-09,Bob,422,2001-09-11,2
Donald,Duck,30322,23,2023-06-09,Square,423,2000-10-12,3
Daisy,Yellow,40323,24,2023-06-09,Pants,424,1999-11-13,4
Goofy,Dog,50324,25,2023-06-09,Patrick,425,1998-01-14,5
Pete,Cat,60325,26,2023-06-09,Star,426,1997-01-15,6
Pluto,White,70326,27,2023-06-09,Squid,427,1996-02-16,7
Huey,Red,80327,28,2023-06-09,Ward,428,1995-03-17,8
Dewey,Black,90328,29,2023-06-09,Eugene,429,1994-04-18,9
Louise,Brown,100329,30,2023-06-09,Gary,430,1993-05-19,10
Mickey,Mouse,10330,31,2023-06-09,Sponge,431,1992-06-20,1
Minnie,Pink,20331,32,2023-06-09,Bob,432,1991-07-21,2
Donald,Duck,30332,33,2023-06-09,Square,433,1990-08-22,3
Daisy,Yellow,40333,34,2023-06-09,Pants,434,1989-09-23,4
Goofy,Dog,50334,35,2023-06-09,Patrick,435,1988-10-24,5
Pete,Cat,60335,36,2023-06-09,Star,436,1987-11-25,6
Pluto,White,70336,37,2023-06-09,Squid,437,1986-01-26,7
Huey,Red,80337,38,2023-06-09,Ward,438,1985-01-27,8
Dewey,Black,90338,39,2023-06-09,Eugene,439,1984-02-28,9
Louise,Brown,100339,40,2023-06-09,Gary,440,1983-03-29,10
Mickey,Mouse,10340,41,2023-06-09,Sponge,441,1982-04-30,1
Minnie,Pink,20341,42,2023-06-09,Bob,442,1981-05-01,2
Donald,Duck,30342,43,2023-06-09,Square,443,1980-06-01,3
Daisy,Yellow,40343,44,2023-06-09,Pants,444,1979-07-02,4
Goofy,Dog,50344,45,2023-06-09,Patrick,445,1978-08-03,5
Pete,Cat,60345,46,2023-06-09,Star,446,1977-09-04,6
Pluto,White,70346,47,2023-06-09,Squid,447,1976-10-05,7
Huey,Red,80347,48,2023-06-09,Ward,448,1975-11-06,8
Dewey,Black,90348,49,2023-06-09,Eugene,449,1974-01-07,9
Louise,Brown,100349,50,2023-05-10,Gary,450,1973-01-08,10
Mickey,Mouse,10350,51,2023-04-10,Sponge,451,1972-02-09,1
Minnie,Pink,20351,52,2023-03-11,Bob,452,1971-03-10,2
Donald,Duck,30352,53,2023-02-09,Square,453,1970-04-11,3
Daisy,Yellow,40353,54,2023-01-10,Pants,454,1969-05-12,4
Goofy,Dog,50354,55,2022-12-11,Patrick,455,1968-06-13,5
Pete,Cat,60355,56,2022-11-11,Star,456,1967-07-14,6
Pluto,White,70356,57,2022-10-12,Squid,457,1966-08-15,7
Huey,Red,80357,58,2022-09-12,Ward,458,1965-09-16,8
Dewey,Black,90358,59,2022-08-13,Eugene,459,1964-10-17,9
Louise,Brown,100359,60,2022-07-14,Gary,460,1963-11-18,10
Mickey,Mouse,10360,21,2023-06-12,Sponge,461,2002-01-19,1
Minnie,Pink,20361,22,2022-05-15,Bob,462,2001-01-20,2
Donald,Duck,30362,23,2022-04-15,Square,463,2000-02-21,3
Daisy,Yellow,40363,24,2022-03-16,Pants,464,1999-03-22,4
Goofy,Dog,50364,25,2022-02-14,Patrick,465,1998-04-23,5
Pete,Cat,60365,26,2022-01-15,Star,466,1997-05-24,6
Pluto,White,70366,27,2021-12-16,Squid,467,1996-06-25,7
Huey,Red,80367,28,2021-11-16,Ward,468,1995-07-26,8
Dewey,Black,90368,29,2021-10-17,Eugene,469,1994-08-27,9
Louise,Brown,100369,30,2021-09-17,Gary,470,1993-09-28,10
Mickey,Mouse,10370,31,2021-08-18,Sponge,471,1992-10-29,1
Minnie,Pink,20371,32,2021-07-19,Bob,472,1991-11-30,2
Donald,Duck,30372,33,2021-06-19,Square,473,1990-01-01,3
Daisy,Yellow,40373,34,2021-05-20,Pants,474,1989-01-01,4
Goofy,Dog,50374,35,2021-04-20,Patrick,475,1988-02-02,5
Pete,Cat,60375,36,2021-03-21,Star,476,1987-03-03,6
Pluto,White,70376,37,2021-02-19,Squid,477,1986-04-04,7
Huey,Red,80377,38,2021-01-20,Ward,478,1985-05-05,8
Dewey,Black,90378,39,2020-12-21,Eugene,479,1984-06-06,9
Louise,Brown,100379,40,2020-11-21,Gary,480,1983-07-07,10
Mickey,Mouse,10380,41,2020-10-22,Sponge,481,1982-08-08,1
Minnie,Pink,20381,42,2020-09-22,Bob,482,1981-09-09,2
Donald,Duck,30382,43,2020-08-23,Square,483,1980-10-10,3
Daisy,Yellow,40383,44,2020-07-24,Pants,484,1979-11-11,4
Goofy,Dog,50384,45,2020-06-24,Patrick,485,1978-01-12,5
Pete,Cat,60385,46,2020-05-25,Star,486,1977-01-13,6
Pluto,White,70386,47,2020-04-25,Squid,487,1976-02-14,7
Huey,Red,80387,48,2020-03-26,Ward,488,1975-03-15,8
Dewey,Black,90388,49,2020-02-25,Eugene,489,1974-04-16,9
Louise,Brown,100389,50,2020-01-26,Gary,490,1973-05-17,10
Mickey,Mouse,10390,51,2019-12-27,Sponge,491,1972-06-18,1
Minnie,Pink,20391,52,2019-11-27,Bob,492,1971-07-19,2
Donald,Duck,30392,53,2019-10-28,Square,493,1970-08-20,3
Daisy,Yellow,40393,54,2019-09-28,Pants,494,1969-09-21,4
Goofy,Dog,50394,55,2019-08-29,Patrick,495,1968-10-22,5
Pete,Cat,60395,56,2019-07-30,Star,496,1967-11-23,6
Pluto,White,70396,57,2019-06-30,Squid,497,1966-01-24,7
Huey,Red,80397,58,2019-05-31,Ward,498,1965-01-25,8
Dewey,Black,90398,59,2019-05-01,Eugene,499,1964-02-26,9
Louise,Brown,100399,60,2019-04-01,Gary,500,1963-03-27,10
Mickey,Mouse,10400,21,2023-06-12,Sponge,501,2002-04-28,1
Minnie,Pink,20401,22,2023-06-12,Bob,502,2001-05-29,2
Donald,Duck,30402,23,2023-06-12,Square,503,2000-06-30,3
Daisy,Yellow,40403,24,2023-06-12,Pants,504,1999-07-01,4
Goofy,Dog,50404,25,2023-06-12,Patrick,505,1998-08-01,5
Pete,Cat,60405,26,2018-10-03,Star,506,1997-09-02,6
Pluto,White,70406,27,2018-09-03,Squid,507,1996-10-03,7
Huey,Red,80407,28,2018-08-04,Ward,508,1995-11-04,8
Dewey,Black,90408,29,2018-07-05,Eugene,509,1994-01-05,9
Louise,Brown,100409,30,2018-06-05,Gary,510,1993-01-06,10
Mickey,Mouse,10410,31,2018-05-06,Sponge,511,1992-02-07,1
Minnie,Pink,20411,32,2018-04-06,Bob,512,1991-03-08,2
Donald,Duck,30412,33,2018-03-07,Square,513,1990-04-09,3
Daisy,Yellow,40413,34,2018-02-05,Pants,514,1989-05-10,4
Goofy,Dog,50414,35,2018-01-06,Patrick,515,1988-06-11,5
Pete,Cat,60415,36,2017-12-07,Star,516,1987-07-12,6
Pluto,White,70416,37,2017-11-07,Squid,517,1986-08-13,7
Huey,Red,80417,38,2017-10-08,Ward,518,1985-09-14,8
Dewey,Black,90418,39,2017-09-08,Eugene,519,1984-10-15,9
Louise,Brown,100419,40,2017-08-09,Gary,520,1983-11-16,10
Mickey,Mouse,10420,41,2017-07-10,Sponge,521,1982-01-17,1
Minnie,Pink,20421,42,2017-06-10,Bob,522,1981-01-18,2
Donald,Duck,30422,43,2017-05-11,Square,523,1980-02-19,3
Daisy,Yellow,40423,44,2017-04-11,Pants,524,1979-03-20,4
Goofy,Dog,50424,45,2017-03-12,Patrick,525,1978-04-21,5
Pete,Cat,60425,46,2017-02-10,Star,526,1977-05-22,6
Pluto,White,70426,47,2017-01-11,Squid,527,1976-06-23,7
Huey,Red,80427,48,2016-12-12,Ward,528,1975-07-24,8
Dewey,Black,90428,49,2016-11-12,Eugene,529,1974-08-25,9
Louise,Brown,100429,50,2016-10-13,Gary,530,1973-09-26,10
Mickey,Mouse,10430,51,2016-09-13,Sponge,531,1972-10-27,1
Minnie,Pink,20431,52,2016-08-14,Bob,532,1971-11-28,2
Donald,Duck,30432,53,2016-07-15,Square,533,1970-01-29,3
Daisy,Yellow,40433,54,2016-06-15,Pants,534,1969-01-30,4
Goofy,Dog,50434,55,2016-05-16,Patrick,535,1968-02-01,5
Pete,Cat,60435,56,2016-04-16,Star,536,1967-03-01,6
Pluto,White,70436,57,2016-03-17,Squid,537,1966-04-02,7
Huey,Red,80437,58,2016-02-16,Ward,538,1965-05-03,8
Dewey,Black,90438,59,2016-01-17,Eugene,539,1964-06-04,9
Louise,Brown,100439,60,2015-12-18,Gary,540,1963-07-05,10
Mickey,Mouse,10440,21,2023-06-12,Sponge,541,2002-08-06,1
Minnie,Pink,20441,22,2023-06-12,Bob,542,2001-09-07,2
Donald,Duck,30442,23,2023-06-12,Square,543,2000-10-08,3
Daisy,Yellow,40443,24,2023-06-12,Pants,544,1999-11-09,4
Goofy,Dog,50444,25,2023-06-12,Patrick,545,1998-01-10,5
Pete,Cat,60445,26,2023-06-12,Star,546,1997-01-11,6
Pluto,White,70446,27,2023-06-12,Squid,547,1996-02-12,7
Huey,Red,80447,28,2023-06-12,Ward,548,1995-03-13,8
Dewey,Black,90448,29,2015-03-23,Eugene,549,1994-04-14,9
Louise,Brown,100449,30,2015-02-21,Gary,550,1993-05-15,10
Mickey,Mouse,10450,31,2015-01-22,Sponge,551,1992-06-16,1
Minnie,Pink,20451,32,2014-12-23,Bob,552,1991-07-17,2
Donald,Duck,30452,33,2014-11-23,Square,553,1990-08-18,3
Daisy,Yellow,40453,34,2014-10-24,Pants,554,1989-09-19,4
Goofy,Dog,50454,35,2014-09-24,Patrick,555,1988-10-20,5
Pete,Cat,60455,36,2014-08-25,Star,556,1987-11-21,6
Pluto,White,70456,37,2014-07-26,Squid,557,1986-01-22,7
Huey,Red,80457,38,2014-06-26,Ward,558,1985-01-23,8
Dewey,Black,90458,39,2014-05-27,Eugene,559,1984-02-24,9
Louise,Brown,100459,40,2014-04-27,Gary,560,1983-03-25,10
Mickey,Mouse,10460,41,2014-03-28,Sponge,561,1982-04-26,1
Minnie,Pink,20461,42,2014-02-26,Bob,562,1981-05-27,2
Donald,Duck,30462,43,2014-01-27,Square,563,1980-06-28,3
Daisy,Yellow,40463,44,2013-12-28,Pants,564,1979-07-29,4
Goofy,Dog,50464,45,2013-11-28,Patrick,565,1978-08-30,5
Pete,Cat,60465,46,2013-10-29,Star,566,1977-09-01,6
Pluto,White,70466,47,2013-09-29,Squid,567,1976-10-01,7
Huey,Red,80467,48,2013-08-30,Ward,568,1975-11-02,8
Dewey,Black,90468,49,2013-07-31,Eugene,569,1974-01-03,9
Louise,Brown,100469,50,2013-07-01,Gary,570,1973-01-04,10
Mickey,Mouse,10470,51,2013-06-01,Sponge,571,1972-02-05,1
Minnie,Pink,20471,52,2013-05-02,Bob,572,1971-03-06,2
Donald,Duck,30472,53,2013-04-02,Square,573,1970-04-07,3
Daisy,Yellow,40473,54,2013-03-03,Pants,574,1969-05-08,4
Goofy,Dog,50474,55,2013-02-01,Patrick,575,1968-06-09,5
Pete,Cat,60475,56,2013-01-02,Star,576,1967-07-10,6
Pluto,White,70476,57,2012-12-03,Squid,577,1966-08-11,7
Huey,Red,80477,58,2012-11-03,Ward,578,1965-09-12,8
Dewey,Black,90478,59,2012-10-04,Eugene,579,1964-10-13,9
Louise,Brown,100479,60,2012-09-04,Gary,580,1963-11-14,10
Mickey,Mouse,10480,21,2023-06-12,Sponge,581,2002-01-15,1
Minnie,Pink,20481,22,2023-06-12,Bob,582,2001-01-16,2
Donald,Duck,30482,23,2023-06-12,Square,583,2000-02-17,3
Daisy,Yellow,40483,24,2023-06-12,Pants,584,1999-03-18,4
Goofy,Dog,50484,25,2023-06-12,Patrick,585,1998-04-19,5
Pete,Cat,60485,26,2023-06-12,Star,586,1997-05-20,6
Pluto,White,70486,27,2023-06-12,Squid,587,1996-06-21,7
Huey,Red,80487,28,2023-06-12,Ward,588,1995-07-22,8
Dewey,Black,90488,29,2023-06-12,Eugene,589,1994-08-23,9
Louise,Brown,100489,30,2023-06-12,Gary,590,1993-09-24,10
Mickey,Mouse,10490,31,2023-06-12,Sponge,591,1992-10-25,1
Minnie,Pink,20491,32,2023-06-12,Bob,592,1991-11-26,2
Donald,Duck,30492,33,2011-08-11,Square,593,1990-01-27,3
Daisy,Yellow,40493,34,2011-07-12,Pants,594,1989-01-28,4
Goofy,Dog,50494,35,2011-06-12,Patrick,595,1988-02-28,5
Pete,Cat,60495,36,2011-05-13,Star,596,1987-03-30,6
Pluto,White,70496,37,2011-04-13,Squid,597,1986-04-01,7
Huey,Red,80497,38,2011-03-14,Ward,598,1985-05-01,8
Dewey,Black,90498,39,2011-02-12,Eugene,599,1984-06-02,9
Louise,Brown,100499,40,2011-01-13,Gary,600,1983-07-03,10
Mickey,Mouse,10500,41,2010-12-14,Sponge,601,1982-08-04,1
Minnie,Pink,20501,42,2010-11-14,Bob,602,1981-09-05,2
Donald,Duck,30502,43,2010-10-15,Square,603,1980-10-06,3
Daisy,Yellow,40503,44,2010-09-15,Pants,604,1979-11-07,4
Goofy,Dog,50504,45,2010-08-16,Patrick,605,1978-01-08,5
Pete,Cat,60505,46,2010-07-17,Star,606,1977-01-09,6
Pluto,White,70506,47,2010-06-17,Squid,607,1976-02-10,7
Huey,Red,80507,48,2010-05-18,Ward,608,1975-03-11,8
Dewey,Black,90508,49,2010-04-18,Eugene,609,1974-04-12,9
Louise,Brown,100509,50,2010-03-19,Gary,610,1973-05-13,10
Mickey,Mouse,10510,51,2010-02-17,Sponge,611,1972-06-14,1
Minnie,Pink,20511,52,2010-01-18,Bob,612,1971-07-15,2
Donald,Duck,30512,53,2009-12-19,Square,613,1970-08-16,3
Daisy,Yellow,40513,54,2009-11-19,Pants,614,1969-09-17,4
Goofy,Dog,50514,55,2009-10-20,Patrick,615,1968-10-18,5
Pete,Cat,60515,56,2009-09-20,Star,616,1967-11-19,6
Pluto,White,70516,57,2009-08-21,Squid,617,1966-01-20,7
Huey,Red,80517,58,2009-07-22,Ward,618,1965-01-21,8
Dewey,Black,90518,59,2009-06-22,Eugene,619,1964-02-22,9
Louise,Brown,100519,60,2009-05-23,Gary,620,1963-03-23,10
Mickey,Mouse,10520,21,2023-06-12,Sponge,621,2002-04-24,1
Minnie,Pink,20521,22,2023-06-12,Bob,622,2001-05-25,2
Donald,Duck,30522,23,2023-06-12,Square,623,2000-06-26,3
Daisy,Yellow,40523,24,2023-06-12,Pants,624,1999-07-27,4
Goofy,Dog,50524,25,2023-06-12,Patrick,625,1998-08-28,5
Pete,Cat,60525,26,2023-06-12,Star,626,1997-09-29,6
Pluto,White,70526,27,2023-06-12,Squid,627,1996-10-30,7
Huey,Red,80527,28,2023-06-12,Ward,628,1995-11-01,8
Dewey,Black,90528,29,2023-06-12,Eugene,629,1994-01-01,9
Louise,Brown,100529,30,2023-06-12,Gary,630,1993-01-02,10
Mickey,Mouse,10530,31,2023-06-12,Sponge,631,1992-02-03,1
Minnie,Pink,20531,32,2023-06-12,Bob,632,1991-03-04,2
Donald,Duck,30532,33,2023-06-12,Square,633,1990-04-05,3
Daisy,Yellow,40533,34,2023-06-12,Pants,634,1989-05-06,4
Goofy,Dog,50534,35,2023-06-12,Patrick,635,1988-06-07,5
Pete,Cat,60535,36,2008-01-29,Star,636,1987-07-08,6
Pluto,White,70536,37,2007-12-30,Squid,637,1986-08-09,7
Huey,Red,80537,38,2007-11-30,Ward,638,1985-09-10,8
Dewey,Black,90538,39,2007-10-31,Eugene,639,1984-10-11,9
Louise,Brown,100539,40,2007-10-01,Gary,640,1983-11-12,10
Mickey,Mouse,10540,41,2007-09-01,Sponge,641,1982-01-13,1
Minnie,Pink,20541,42,2007-08-02,Bob,642,1981-01-14,2
Donald,Duck,30542,43,2007-07-03,Square,643,1980-02-15,3
Daisy,Yellow,40543,44,2007-06-03,Pants,644,1979-03-16,4
Goofy,Dog,50544,45,2007-05-04,Patrick,645,1978-04-17,5
Pete,Cat,60545,46,2007-04-04,Star,646,1977-05-18,6
Pluto,White,70546,47,2007-03-05,Squid,647,1976-06-19,7
Huey,Red,80547,48,2007-02-03,Ward,648,1975-07-20,8
Dewey,Black,90548,49,2007-01-04,Eugene,649,1974-08-21,9
Louise,Brown,100549,50,2006-12-05,Gary,650,1973-09-22,10
Mickey,Mouse,10550,51,2006-11-05,Sponge,651,1972-10-23,1
Minnie,Pink,20551,52,2006-10-06,Bob,652,1971-11-24,2
Donald,Duck,30552,53,2006-09-06,Square,653,1970-01-25,3
Daisy,Yellow,40553,54,2006-08-07,Pants,654,1969-01-26,4
Goofy,Dog,50554,55,2006-07-08,Patrick,655,1968-02-27,5
Pete,Cat,60555,56,2006-06-08,Star,656,1967-03-28,6
Pluto,White,70556,57,2006-05-09,Squid,657,1966-04-29,7
Huey,Red,80557,58,2006-04-09,Ward,658,1965-05-30,8
Dewey,Black,90558,59,2006-03-10,Eugene,659,1964-06-01,9
Louise,Brown,100559,60,2006-02-08,Gary,660,1963-07-01,10
Mickey,Mouse,10560,21,2023-06-12,Sponge,661,2002-08-02,1
Minnie,Pink,20561,22,2023-06-12,Bob,662,2001-09-03,2
Donald,Duck,30562,23,2023-06-12,Square,663,2000-10-04,3
Daisy,Yellow,40563,24,2023-06-12,Pants,664,1999-11-05,4
Goofy,Dog,50564,25,2023-06-12,Patrick,665,1998-01-06,5
Pete,Cat,60565,26,2023-06-12,Star,666,1997-01-07,6
Pluto,White,70566,27,2023-06-12,Squid,667,1996-02-08,7
Huey,Red,80567,28,2023-06-12,Ward,668,1995-03-09,8
Dewey,Black,90568,29,2023-06-12,Eugene,669,1994-04-10,9
Louise,Brown,100569,30,2023-06-12,Gary,670,1993-05-11,10
Mickey,Mouse,10570,31,2023-06-12,Sponge,671,1992-06-12,1
Minnie,Pink,20571,32,2023-06-12,Bob,672,1991-07-13,2
Donald,Duck,30572,33,2023-06-12,Square,673,1990-08-14,3
Daisy,Yellow,40573,34,2023-06-12,Pants,674,1989-09-15,4
Goofy,Dog,50574,35,2023-06-12,Patrick,675,1988-10-16,5
Pete,Cat,60575,36,2023-06-12,Star,676,1987-11-17,6
Pluto,White,70576,37,2023-06-12,Squid,677,1986-01-18,7
Huey,Red,80577,38,2023-06-12,Ward,678,1985-01-19,8
Dewey,Black,90578,39,2023-06-12,Eugene,679,1984-02-20,9
Louise,Brown,100579,40,2004-06-18,Gary,680,1983-03-21,10
Mickey,Mouse,10580,41,2004-05-19,Sponge,681,1982-04-22,1
Minnie,Pink,20581,42,2004-04-19,Bob,682,1981-05-23,2
Donald,Duck,30582,43,2004-03-20,Square,683,1980-06-24,3
Daisy,Yellow,40583,44,2004-02-19,Pants,684,1979-07-25,4
Goofy,Dog,50584,45,2004-01-20,Patrick,685,1978-08-26,5
Pete,Cat,60585,46,2003-12-21,Star,686,1977-09-27,6
Pluto,White,70586,47,2003-11-21,Squid,687,1976-10-28,7
Huey,Red,80587,48,2003-10-22,Ward,688,1975-11-29,8
Dewey,Black,90588,49,2003-09-22,Eugene,689,1974-01-30,9
Louise,Brown,100589,50,2003-08-23,Gary,690,1973-01-01,10
Mickey,Mouse,10590,51,2003-07-24,Sponge,691,1972-02-01,1
Minnie,Pink,20591,52,2003-06-24,Bob,692,1971-03-02,2
Donald,Duck,30592,53,2003-05-25,Square,693,1970-04-03,3
Daisy,Yellow,40593,54,2003-04-25,Pants,694,1969-05-04,4
Goofy,Dog,50594,55,2003-03-26,Patrick,695,1968-06-05,5
Pete,Cat,60595,56,2003-02-24,Star,696,1967-07-06,6
Pluto,White,70596,57,2003-01-25,Squid,697,1966-08-07,7
Huey,Red,80597,58,2002-12-26,Ward,698,1965-09-08,8
Dewey,Black,90598,59,2002-11-26,Eugene,699,1964-10-09,9
Louise,Brown,100599,60,2002-10-27,Gary,700,1963-11-10,10
Mickey,Mouse,10600,21,2023-06-12,Sponge,701,2002-01-11,1
Minnie,Pink,20601,22,2023-06-12,Bob,702,2001-01-12,2
Donald,Duck,30602,23,2023-06-12,Square,703,2000-02-13,3
Daisy,Yellow,40603,24,2023-06-12,Pants,704,1999-03-14,4
Goofy,Dog,50604,25,2023-06-12,Patrick,705,1998-04-15,5
Pete,Cat,60605,26,2023-06-12,Star,706,1997-05-16,6
Pluto,White,70606,27,2023-06-12,Squid,707,1996-06-17,7
Huey,Red,80607,28,2023-06-12,Ward,708,1995-07-18,8
Dewey,Black,90608,29,2023-06-12,Eugene,709,1994-08-19,9
Louise,Brown,100609,30,2023-06-12,Gary,710,1993-09-20,10
Mickey,Mouse,10610,31,2023-06-12,Sponge,711,1992-10-21,1
Minnie,Pink,20611,32,2023-06-12,Bob,712,1991-11-22,2
Donald,Duck,30612,33,2023-06-12,Square,713,1990-01-23,3
Daisy,Yellow,40613,34,2023-06-12,Pants,714,1989-01-24,4
Goofy,Dog,50614,35,2023-06-12,Patrick,715,1988-02-25,5
Pete,Cat,60615,36,2023-06-12,Star,716,1987-03-26,6
Pluto,White,70616,37,2023-06-12,Squid,717,1986-04-27,7
Huey,Red,80617,38,2023-06-12,Ward,718,1985-05-28,8
Dewey,Black,90618,39,2023-06-12,Eugene,719,1984-06-29,9
Louise,Brown,100619,40,2023-06-12,Gary,720,1983-07-30,10
Mickey,Mouse,10620,41,2023-06-12,Sponge,721,1982-08-01,1
Minnie,Pink,20621,42,2023-06-12,Bob,722,1981-09-01,2
Donald,Duck,30622,43,2023-06-12,Square,723,1980-10-02,3
Daisy,Yellow,40623,44,2000-11-06,Pants,724,1979-11-03,4
Goofy,Dog,50624,45,2000-10-07,Patrick,725,1978-01-04,5
Pete,Cat,60625,46,2000-09-07,Star,726,1977-01-05,6
Pluto,White,70626,47,2000-08-08,Squid,727,1976-02-06,7
Huey,Red,80627,48,2000-07-09,Ward,728,1975-03-07,8
Dewey,Black,90628,49,2000-06-09,Eugene,729,1974-04-08,9
Louise,Brown,100629,50,2000-05-10,Gary,730,1973-05-09,10
Mickey,Mouse,10630,51,2000-04-10,Sponge,731,1972-06-10,1
Minnie,Pink,20631,52,2000-03-11,Bob,732,1971-07-11,2
Donald,Duck,30632,53,2000-02-10,Square,733,1970-08-12,3
Daisy,Yellow,40633,54,2000-01-11,Pants,734,1969-09-13,4
Goofy,Dog,50634,55,1999-12-12,Patrick,735,1968-10-14,5
Pete,Cat,60635,56,1999-11-12,Star,736,1967-11-15,6
Pluto,White,70636,57,1999-10-13,Squid,737,1966-01-16,7
Huey,Red,80637,58,1999-09-13,Ward,738,1965-01-17,8
Dewey,Black,90638,59,1999-08-14,Eugene,739,1964-02-18,9
Louise,Brown,100639,60,1999-07-15,Gary,740,1963-03-19,10
Mickey,Mouse,10640,21,2023-06-12,Sponge,741,2002-04-20,1
Minnie,Pink,20641,22,2023-06-12,Bob,742,2001-05-21,2
Donald,Duck,30642,23,2023-06-12,Square,743,2000-06-22,3
Daisy,Yellow,40643,24,2023-06-12,Pants,744,1999-07-23,4
Goofy,Dog,50644,25,2023-06-12,Patrick,745,1998-08-24,5
Pete,Cat,60645,26,2023-06-12,Star,746,1997-09-25,6
Pluto,White,70646,27,2023-06-12,Squid,747,1996-10-26,7
Huey,Red,80647,28,2023-06-12,Ward,748,1995-11-27,8
Dewey,Black,90648,29,2023-06-12,Eugene,749,1994-01-28,9
Louise,Brown,100649,30,2023-06-12,Gary,750,1993-01-29,10
Mickey,Mouse,10650,31,2023-06-12,Sponge,751,1992-02-28,1
Minnie,Pink,20651,32,2023-06-12,Bob,752,1991-03-01,2
Donald,Duck,30652,33,2023-06-12,Square,753,1990-04-01,3
Daisy,Yellow,40653,34,2023-06-12,Pants,754,1989-05-02,4
Goofy,Dog,50654,35,2023-06-12,Patrick,755,1988-06-03,5
Pete,Cat,60655,36,2023-06-12,Star,756,1987-07-04,6
Pluto,White,70656,37,2023-06-12,Squid,757,1986-08-05,7
Huey,Red,80657,38,2023-06-12,Ward,758,1985-09-06,8
Dewey,Black,90658,39,2023-06-12,Eugene,759,1984-10-07,9
Louise,Brown,100659,40,2023-06-12,Gary,760,1983-11-08,10
Mickey,Mouse,10660,41,2023-06-12,Sponge,761,1982-01-09,1
Minnie,Pink,20661,42,2023-06-12,Bob,762,1981-01-10,2
Donald,Duck,30662,43,2023-06-12,Square,763,1980-02-11,3
Daisy,Yellow,40663,44,2023-06-12,Pants,764,1979-03-12,4
Goofy,Dog,50664,45,2023-06-12,Patrick,765,1978-04-13,5
Pete,Cat,60665,46,2023-06-12,Star,766,1977-05-14,6
Pluto,White,70666,47,1997-04-26,Squid,767,1976-06-15,7
Huey,Red,80667,48,1997-03-27,Ward,768,1975-07-16,8
Dewey,Black,90668,49,1997-02-25,Eugene,769,1974-08-17,9
Louise,Brown,100669,50,1997-01-26,Gary,770,1973-09-18,10
Mickey,Mouse,10670,51,1996-12-27,Sponge,771,1972-10-19,1
Minnie,Pink,20671,52,1996-11-27,Bob,772,1971-11-20,2
Donald,Duck,30672,53,1996-10-28,Square,773,1970-01-21,3
Daisy,Yellow,40673,54,1996-09-28,Pants,774,1969-01-22,4
Goofy,Dog,50674,55,1996-08-29,Patrick,775,1968-02-23,5
Pete,Cat,60675,56,1996-07-30,Star,776,1967-03-24,6
Pluto,White,70676,57,1996-06-30,Squid,777,1966-04-25,7
Huey,Red,80677,58,1996-05-31,Ward,778,1965-05-26,8
Dewey,Black,90678,59,1996-05-01,Eugene,779,1964-06-27,9
Louise,Brown,100679,60,1996-04-01,Gary,780,1963-07-28,10
Mickey,Mouse,10680,21,2023-06-12,Sponge,781,2002-08-29,1
Minnie,Pink,20681,22,2023-06-12,Bob,782,2001-09-30,2
Donald,Duck,30682,23,2023-06-12,Square,783,2000-10-01,3
Daisy,Yellow,40683,24,2023-06-12,Pants,784,1999-11-01,4
Goofy,Dog,50684,25,2023-06-12,Patrick,785,1998-01-02,5
Pete,Cat,60685,26,2023-06-12,Star,786,1997-01-03,6
Pluto,White,70686,27,2023-06-12,Squid,787,1996-02-04,7
Huey,Red,80687,28,2023-06-12,Ward,788,1995-03-05,8
Dewey,Black,90688,29,2023-06-12,Eugene,789,1994-04-06,9
Louise,Brown,100689,30,2023-06-12,Gary,790,1993-05-07,10
Mickey,Mouse,10690,31,2023-06-12,Sponge,791,1992-06-08,1
Minnie,Pink,20691,32,2023-06-12,Bob,792,1991-07-09,2
Donald,Duck,30692,33,2023-06-12,Square,793,1990-08-10,3
Daisy,Yellow,40693,34,2023-06-12,Pants,794,1989-09-11,4
Goofy,Dog,50694,35,2023-06-12,Patrick,795,1988-10-12,5
Pete,Cat,60695,36,2023-06-12,Star,796,1987-11-13,6
Pluto,White,70696,37,2023-05-13,Squid,797,1986-01-14,7
Huey,Red,80697,38,2023-04-13,Ward,798,1985-01-15,8
Dewey,Black,90698,39,2023-03-14,Eugene,799,1984-02-16,9
Louise,Brown,100699,40,2023-02-12,Gary,800,1983-03-17,10
Mickey,Mouse,10700,41,2023-01-13,Sponge,801,1982-04-18,1
Minnie,Pink,20701,42,2022-12-14,Bob,802,1981-05-19,2
Donald,Duck,30702,43,2022-11-14,Square,803,1980-06-20,3
Daisy,Yellow,40703,44,2022-10-15,Pants,804,1979-07-21,4
Goofy,Dog,50704,45,2022-09-15,Patrick,805,1978-08-22,5
Pete,Cat,60705,46,2022-08-16,Star,806,1977-09-23,6
Pluto,White,70706,47,2022-07-17,Squid,807,1976-10-24,7
Huey,Red,80707,48,2022-06-17,Ward,808,1975-11-25,8
Dewey,Black,90708,49,2022-05-18,Eugene,809,1974-01-26,9
Louise,Brown,100709,50,2022-04-18,Gary,810,1973-01-27,10
Mickey,Mouse,10710,51,2022-03-19,Sponge,811,1972-02-28,1
Minnie,Pink,20711,52,2022-02-17,Bob,812,1971-03-29,2
Donald,Duck,30712,53,2022-01-18,Square,813,1970-04-30,3
Daisy,Yellow,40713,54,2021-12-19,Pants,814,1969-05-01,4
Goofy,Dog,50714,55,2021-11-19,Patrick,815,1968-06-01,5
Pete,Cat,60715,56,2021-10-20,Star,816,1967-07-02,6
Pluto,White,70716,57,2021-09-20,Squid,817,1966-08-03,7
Huey,Red,80717,58,2021-08-21,Ward,818,1965-09-04,8
Dewey,Black,90718,59,2021-07-22,Eugene,819,1964-10-05,9
Louise,Brown,100719,60,2021-06-22,Gary,820,1963-11-06,10
Mickey,Mouse,10720,21,2023-06-15,Sponge,821,2002-01-07,1
Minnie,Pink,20721,22,2023-06-15,Bob,822,2001-01-08,2
Donald,Duck,30722,23,2021-03-24,Square,823,2000-02-09,3
Daisy,Yellow,40723,24,2021-02-22,Pants,824,1999-03-10,4
Goofy,Dog,50724,25,2021-01-23,Patrick,825,1998-04-11,5
Pete,Cat,60725,26,2020-12-24,Star,826,1997-05-12,6
Pluto,White,70726,27,2020-11-24,Squid,827,1996-06-13,7
Huey,Red,80727,28,2020-10-25,Ward,828,1995-07-14,8
Dewey,Black,90728,29,2020-09-25,Eugene,829,1994-08-15,9
Louise,Brown,100729,30,2020-08-26,Gary,830,1993-09-16,10
Mickey,Mouse,10730,31,2020-07-27,Sponge,831,1992-10-17,1
Minnie,Pink,20731,32,2020-06-27,Bob,832,1991-11-18,2
Donald,Duck,30732,33,2020-05-28,Square,833,1990-01-19,3
Daisy,Yellow,40733,34,2020-04-28,Pants,834,1989-01-20,4
Goofy,Dog,50734,35,2020-03-29,Patrick,835,1988-02-21,5
Pete,Cat,60735,36,2020-02-28,Star,836,1987-03-22,6
Pluto,White,70736,37,2020-01-29,Squid,837,1986-04-23,7
Huey,Red,80737,38,2019-12-30,Ward,838,1985-05-24,8
Dewey,Black,90738,39,2019-11-30,Eugene,839,1984-06-25,9
Louise,Brown,100739,40,2019-10-31,Gary,840,1983-07-26,10
Mickey,Mouse,10740,41,2019-10-01,Sponge,841,1982-08-27,1
Minnie,Pink,20741,42,2019-09-01,Bob,842,1981-09-28,2
Donald,Duck,30742,43,2019-08-02,Square,843,1980-10-29,3
Daisy,Yellow,40743,44,2019-07-03,Pants,844,1979-11-30,4
Goofy,Dog,50744,45,2019-06-03,Patrick,845,1978-01-01,5
Pete,Cat,60745,46,2019-05-04,Star,846,1977-01-01,6
Pluto,White,70746,47,2019-04-04,Squid,847,1976-02-02,7
Huey,Red,80747,48,2019-03-05,Ward,848,1975-03-03,8
Dewey,Black,90748,49,2019-02-03,Eugene,849,1974-04-04,9
Louise,Brown,100749,50,2019-01-04,Gary,850,1973-05-05,10
Mickey,Mouse,10750,51,2018-12-05,Sponge,851,1972-06-06,1
Minnie,Pink,20751,52,2018-11-05,Bob,852,1971-07-07,2
Donald,Duck,30752,53,2018-10-06,Square,853,1970-08-08,3
Daisy,Yellow,40753,54,2018-09-06,Pants,854,1969-09-09,4
Goofy,Dog,50754,55,2018-08-07,Patrick,855,1968-10-10,5
Pete,Cat,60755,56,2018-07-08,Star,856,1967-11-11,6
Pluto,White,70756,57,2018-06-08,Squid,857,1966-01-12,7
Huey,Red,80757,58,2018-05-09,Ward,858,1965-01-13,8
Dewey,Black,90758,59,2018-04-09,Eugene,859,1964-02-14,9
Louise,Brown,100759,60,2018-03-10,Gary,860,1963-03-15,10
Mickey,Mouse,10760,21,2023-06-15,Sponge,861,2002-04-16,1
Minnie,Pink,20761,22,2023-06-15,Bob,862,2001-05-17,2
Donald,Duck,30762,23,2023-06-15,Square,863,2000-06-18,3
Daisy,Yellow,40763,24,2023-06-15,Pants,864,1999-07-19,4
Goofy,Dog,50764,25,2023-06-15,Patrick,865,1998-08-20,5
Pete,Cat,60765,26,2023-06-15,Star,866,1997-09-21,6
Pluto,White,70766,27,2017-08-12,Squid,867,1996-10-22,7
Huey,Red,80767,28,2017-07-13,Ward,868,1995-11-23,8
Dewey,Black,90768,29,2017-06-13,Eugene,869,1994-01-24,9
Louise,Brown,100769,30,2017-05-14,Gary,870,1993-01-25,10
Mickey,Mouse,10770,31,2017-04-14,Sponge,871,1992-02-26,1
Minnie,Pink,20771,32,2017-03-15,Bob,872,1991-03-27,2
Donald,Duck,30772,33,2017-02-13,Square,873,1990-04-28,3
Daisy,Yellow,40773,34,2017-01-14,Pants,874,1989-05-29,4
Goofy,Dog,50774,35,2016-12-15,Patrick,875,1988-06-30,5
Pete,Cat,60775,36,2016-11-15,Star,876,1987-07-01,6
Pluto,White,70776,37,2016-10-16,Squid,877,1986-08-01,7
Huey,Red,80777,38,2016-09-16,Ward,878,1985-09-02,8
Dewey,Black,90778,39,2016-08-17,Eugene,879,1984-10-03,9
Louise,Brown,100779,40,2016-07-18,Gary,880,1983-11-04,10
Mickey,Mouse,10780,41,2016-06-18,Sponge,881,1982-01-05,1
Minnie,Pink,20781,42,2016-05-19,Bob,882,1981-01-06,2
Donald,Duck,30782,43,2016-04-19,Square,883,1980-02-07,3
Daisy,Yellow,40783,44,2016-03-20,Pants,884,1979-03-08,4
Goofy,Dog,50784,45,2016-02-19,Patrick,885,1978-04-09,5
Pete,Cat,60785,46,2016-01-20,Star,886,1977-05-10,6
Pluto,White,70786,47,2015-12-21,Squid,887,1976-06-11,7
Huey,Red,80787,48,2015-11-21,Ward,888,1975-07-12,8
Dewey,Black,90788,49,2015-10-22,Eugene,889,1974-08-13,9
Louise,Brown,100789,50,2015-09-22,Gary,890,1973-09-14,10
Mickey,Mouse,10790,51,2015-08-23,Sponge,891,1972-10-15,1
Minnie,Pink,20791,52,2015-07-24,Bob,892,1971-11-16,2
Donald,Duck,30792,53,2015-06-24,Square,893,1970-01-17,3
Daisy,Yellow,40793,54,2015-05-25,Pants,894,1969-01-18,4
Goofy,Dog,50794,55,2015-04-25,Patrick,895,1968-02-19,5
Pete,Cat,60795,56,2015-03-26,Star,896,1967-03-20,6
Pluto,White,70796,57,2015-02-24,Squid,897,1966-04-21,7
Huey,Red,80797,58,2015-01-25,Ward,898,1965-05-22,8
Dewey,Black,90798,59,2014-12-26,Eugene,899,1964-06-23,9
Louise,Brown,100799,60,2014-11-26,Gary,900,1963-07-24,10
Mickey,Mouse,10800,21,2023-06-15,Sponge,901,2002-08-25,1
Minnie,Pink,20801,22,2023-06-15,Bob,902,2001-09-26,2
Donald,Duck,30802,23,2023-06-15,Square,903,2000-10-27,3
Daisy,Yellow,40803,24,2023-06-15,Pants,904,1999-11-28,4
Goofy,Dog,50804,25,2023-06-15,Patrick,905,1998-01-29,5
Pete,Cat,60805,26,2023-06-15,Star,906,1997-01-30,6
Pluto,White,70806,27,2023-06-15,Squid,907,1996-02-01,7
Huey,Red,80807,28,2023-06-15,Ward,908,1995-03-01,8
Dewey,Black,90808,29,2023-06-15,Eugene,909,1994-04-02,9
Louise,Brown,100809,30,2014-01-30,Gary,910,1993-05-03,10
Mickey,Mouse,10810,31,2013-12-31,Sponge,911,1992-06-04,1
Minnie,Pink,20811,32,2013-12-01,Bob,912,1991-07-05,2
Donald,Duck,30812,33,2013-11-01,Square,913,1990-08-06,3
Daisy,Yellow,40813,34,2013-10-02,Pants,914,1989-09-07,4
Goofy,Dog,50814,35,2013-09-02,Patrick,915,1988-10-08,5
Pete,Cat,60815,36,2013-08-03,Star,916,1987-11-09,6
Pluto,White,70816,37,2013-07-04,Squid,917,1986-01-10,7
Huey,Red,80817,38,2013-06-04,Ward,918,1985-01-11,8
Dewey,Black,90818,39,2013-05-05,Eugene,919,1984-02-12,9
Louise,Brown,100819,40,2013-04-05,Gary,920,1983-03-13,10
Mickey,Mouse,10820,41,2013-03-06,Sponge,921,1982-04-14,1
Minnie,Pink,20821,42,2013-02-04,Bob,922,1981-05-15,2
Donald,Duck,30822,43,2013-01-05,Square,923,1980-06-16,3
Daisy,Yellow,40823,44,2012-12-06,Pants,924,1979-07-17,4
Goofy,Dog,50824,45,2012-11-06,Patrick,925,1978-08-18,5
Pete,Cat,60825,46,2012-10-07,Star,926,1977-09-19,6
Pluto,White,70826,47,2012-09-07,Squid,927,1976-10-20,7
Huey,Red,80827,48,2012-08-08,Ward,928,1975-11-21,8
Dewey,Black,90828,49,2012-07-09,Eugene,929,1974-01-22,9
Louise,Brown,100829,50,2012-06-09,Gary,930,1973-01-23,10
Mickey,Mouse,10830,51,2012-05-10,Sponge,931,1972-02-24,1
Minnie,Pink,20831,52,2012-04-10,Bob,932,1971-03-25,2
Donald,Duck,30832,53,2012-03-11,Square,933,1970-04-26,3
Daisy,Yellow,40833,54,2012-02-10,Pants,934,1969-05-27,4
Goofy,Dog,50834,55,2012-01-11,Patrick,935,1968-06-28,5
Pete,Cat,60835,56,2011-12-12,Star,936,1967-07-29,6
Pluto,White,70836,57,2011-11-12,Squid,937,1966-08-30,7
Huey,Red,80837,58,2011-10-13,Ward,938,1965-09-01,8
Dewey,Black,90838,59,2011-09-13,Eugene,939,1964-10-01,9
Louise,Brown,100839,60,2011-08-14,Gary,940,1963-11-02,10
Mickey,Mouse,10840,21,2023-06-15,Sponge,941,2002-01-03,1
Minnie,Pink,20841,22,2023-06-15,Bob,942,2001-01-04,2
Donald,Duck,30842,23,2023-06-15,Square,943,2000-02-05,3
Daisy,Yellow,40843,24,2023-06-15,Pants,944,1999-03-06,4
Goofy,Dog,50844,25,2023-06-15,Patrick,945,1998-04-07,5
Pete,Cat,60845,26,2023-06-15,Star,946,1997-05-08,6
Pluto,White,70846,27,2023-06-15,Squid,947,1996-06-09,7
Huey,Red,80847,28,2023-06-15,Ward,948,1995-07-10,8
Dewey,Black,90848,29,2023-06-15,Eugene,949,1994-08-11,9
Louise,Brown,100849,30,2023-06-15,Gary,950,1993-09-12,10
Mickey,Mouse,10850,31,2023-06-15,Sponge,951,1992-10-13,1
Minnie,Pink,20851,32,2023-06-15,Bob,952,1991-11-14,2
Donald,Duck,30852,33,2023-06-15,Square,953,1990-01-15,3
Daisy,Yellow,40853,34,2010-06-20,Pants,954,1989-01-16,4
Goofy,Dog,50854,35,2010-05-21,Patrick,955,1988-02-17,5
Pete,Cat,60855,36,2010-04-21,Star,956,1987-03-18,6
Pluto,White,70856,37,2010-03-22,Squid,957,1986-04-19,7
Huey,Red,80857,38,2010-02-20,Ward,958,1985-05-20,8
Dewey,Black,90858,39,2010-01-21,Eugene,959,1984-06-21,9
Louise,Brown,100859,40,2009-12-22,Gary,960,1983-07-22,10
Mickey,Mouse,10860,41,2009-11-22,Sponge,961,1982-08-23,1
Minnie,Pink,20861,42,2009-10-23,Bob,962,1981-09-24,2
Donald,Duck,30862,43,2009-09-23,Square,963,1980-10-25,3
Daisy,Yellow,40863,44,2009-08-24,Pants,964,1979-11-26,4
Goofy,Dog,50864,45,2009-07-25,Patrick,965,1978-01-27,5
Pete,Cat,60865,46,2009-06-25,Star,966,1977-01-28,6
Pluto,White,70866,47,2009-05-26,Squid,967,1976-02-28,7
Huey,Red,80867,48,2009-04-26,Ward,968,1975-03-30,8
Dewey,Black,90868,49,2009-03-27,Eugene,969,1974-04-01,9
Louise,Brown,100869,50,2009-02-25,Gary,970,1973-05-01,10
Mickey,Mouse,10870,51,2009-01-26,Sponge,971,1972-06-02,1
Minnie,Pink,20871,52,2008-12-27,Bob,972,1971-07-03,2
Donald,Duck,30872,53,2008-11-27,Square,973,1970-08-04,3
Daisy,Yellow,40873,54,2008-10-28,Pants,974,1969-09-05,4
Goofy,Dog,50874,55,2008-09-28,Patrick,975,1968-10-06,5
Pete,Cat,60875,56,2008-08-29,Star,976,1967-11-07,6
Pluto,White,70876,57,2008-07-30,Squid,977,1966-01-08,7
Huey,Red,80877,58,2008-06-30,Ward,978,1965-01-09,8
Dewey,Black,90878,59,2008-05-31,Eugene,979,1964-02-10,9
Louise,Brown,100879,60,2008-05-01,Gary,980,1963-03-11,10
Mickey,Mouse,10880,21,2023-06-15,Sponge,981,2002-04-12,1
Minnie,Pink,20881,22,2023-06-15,Bob,982,2001-05-13,2
Donald,Duck,30882,23,2023-06-15,Square,983,2000-06-14,3
Daisy,Yellow,40883,24,2023-06-15,Pants,984,1999-07-15,4
Goofy,Dog,50884,25,2023-06-15,Patrick,985,1998-08-16,5
Pete,Cat,60885,26,2023-06-15,Star,986,1997-09-17,6
Pluto,White,70886,27,2023-06-15,Squid,987,1996-10-18,7
Huey,Red,80887,28,2023-06-15,Ward,988,1995-11-19,8
Dewey,Black,90888,29,2023-06-15,Eugene,989,1994-01-20,9
Louise,Brown,100889,30,2023-06-15,Gary,990,1993-01-21,10
Mickey,Mouse,10890,31,2023-06-15,Sponge,991,1992-02-22,1
Minnie,Pink,20891,32,2023-06-15,Bob,992,1991-03-23,2
Donald,Duck,30892,33,2023-06-15,Square,993,1990-04-24,3
Daisy,Yellow,40893,34,2023-06-15,Pants,994,1989-05-25,4
Goofy,Dog,50894,35,2023-06-15,Patrick,995,1988-06-26,5
Pete,Cat,60895,36,2023-06-15,Star,996,1987-07-27,6
Pluto,White,70896,37,2023-06-15,Squid,997,1986-08-28,7
Huey,Red,80897,38,2006-11-08,Ward,998,1985-09-29,8
Dewey,Black,90898,39,2006-10-09,Eugene,999,1984-10-30,9
Louise,Brown,100899,40,2006-09-09,Gary,1000,1983-11-01,10
Mickey,Mouse,10900,41,2006-08-10,Sponge,1001,1982-01-01,1
Minnie,Pink,20901,42,2006-07-11,Bob,1002,1981-01-02,2
Donald,Duck,30902,43,2006-06-11,Square,1003,1980-02-03,3
Daisy,Yellow,40903,44,2006-05-12,Pants,1004,1979-03-04,4
Goofy,Dog,50904,45,2006-04-12,Patrick,1005,1978-04-05,5
Pete,Cat,60905,46,2006-03-13,Star,1006,1977-05-06,6
Pluto,White,70906,47,2006-02-11,Squid,1007,1976-06-07,7
Huey,Red,80907,48,2006-01-12,Ward,1008,1975-07-08,8
Dewey,Black,90908,49,2005-12-13,Eugene,1009,1974-08-09,9
Louise,Brown,100909,50,2005-11-13,Gary,1010,1973-09-10,10
Mickey,Mouse,10910,51,2005-10-14,Sponge,1011,1972-10-11,1
Minnie,Pink,20911,52,2005-09-14,Bob,1012,1971-11-12,2
Donald,Duck,30912,53,2005-08-15,Square,1013,1970-01-13,3
Daisy,Yellow,40913,54,2005-07-16,Pants,1014,1969-01-14,4
Goofy,Dog,50914,55,2005-06-16,Patrick,1015,1968-02-15,5
Pete,Cat,60915,56,2005-05-17,Star,1016,1967-03-16,6
Pluto,White,70916,57,2005-04-17,Squid,1017,1966-04-17,7
Huey,Red,80917,58,2005-03-18,Ward,1018,1965-05-18,8
Dewey,Black,90918,59,2005-02-16,Eugene,1019,1964-06-19,9
Louise,Brown,100919,60,2005-01-17,Gary,1020,1963-07-20,10
Mickey,Mouse,10920,21,2023-06-15,Sponge,1021,2002-08-21,1
Minnie,Pink,20921,22,2023-06-15,Bob,1022,2001-09-22,2
Donald,Duck,30922,23,2023-06-15,Square,1023,2000-10-23,3
Daisy,Yellow,40923,24,2023-06-15,Pants,1024,1999-11-24,4
Goofy,Dog,50924,25,2023-06-15,Patrick,1025,1998-01-25,5
Pete,Cat,60925,26,2023-06-15,Star,1026,1997-01-26,6
Pluto,White,70926,27,2023-06-15,Squid,1027,1996-02-27,7
Huey,Red,80927,28,2023-06-15,Ward,1028,1995-03-28,8
Dewey,Black,90928,29,2023-06-15,Eugene,1029,1994-04-29,9
Louise,Brown,100929,30,2023-06-15,Gary,1030,1993-05-30,10
Mickey,Mouse,10930,31,2023-06-15,Sponge,1031,1992-06-01,1
Minnie,Pink,20931,32,2023-06-15,Bob,1032,1991-07-01,2
Donald,Duck,30932,33,2023-06-15,Square,1033,1990-08-02,3
Daisy,Yellow,40933,34,2023-06-15,Pants,1034,1989-09-03,4
Goofy,Dog,50934,35,2023-06-15,Patrick,1035,1988-10-04,5
Pete,Cat,60935,36,2023-06-15,Star,1036,1987-11-05,6
Pluto,White,70936,37,2023-06-15,Squid,1037,1986-01-06,7
Huey,Red,80937,38,2023-06-15,Ward,1038,1985-01-07,8
Dewey,Black,90938,39,2023-06-15,Eugene,1039,1984-02-08,9
Louise,Brown,100939,40,2023-06-15,Gary,1040,1983-03-09,10
Mickey,Mouse,10940,41,2003-04-28,Sponge,1041,1982-04-10,1
Minnie,Pink,20941,42,2003-03-29,Bob,1042,1981-05-11,2
Donald,Duck,30942,43,2003-02-27,Square,1043,1980-06-12,3
Daisy,Yellow,40943,44,2003-01-28,Pants,1044,1979-07-13,4
Goofy,Dog,50944,45,2002-12-29,Patrick,1045,1978-08-14,5
Pete,Cat,60945,46,2002-11-29,Star,1046,1977-09-15,6
Pluto,White,70946,47,2002-10-30,Squid,1047,1976-10-16,7
Huey,Red,80947,48,2002-09-30,Ward,1048,1975-11-17,8
Dewey,Black,90948,49,2002-08-31,Eugene,1049,1974-01-18,9
Louise,Brown,100949,50,2002-08-01,Gary,1050,1973-01-19,10
Mickey,Mouse,10950,51,2002-07-02,Sponge,1051,1972-02-20,1
Minnie,Pink,20951,52,2002-06-02,Bob,1052,1971-03-21,2
Donald,Duck,30952,53,2002-05-03,Square,1053,1970-04-22,3
Daisy,Yellow,40953,54,2002-04-03,Pants,1054,1969-05-23,4
Goofy,Dog,50954,55,2002-03-04,Patrick,1055,1968-06-24,5
Pete,Cat,60955,56,2002-02-02,Star,1056,1967-07-25,6
Pluto,White,70956,57,2002-01-03,Squid,1057,1966-08-26,7
Huey,Red,80957,58,2001-12-04,Ward,1058,1965-09-27,8
Dewey,Black,90958,59,2001-11-04,Eugene,1059,1964-10-28,9
Louise,Brown,100959,60,2001-10-05,Gary,1060,1963-11-29,10
Mickey,Mouse,10960,21,2023-06-15,Sponge,1061,2002-01-30,1
Minnie,Pink,20961,22,2023-06-15,Bob,1062,2001-01-01,2
Donald,Duck,30962,23,2023-06-15,Square,1063,2000-02-01,3
Daisy,Yellow,40963,24,2023-06-15,Pants,1064,1999-03-02,4
Goofy,Dog,50964,25,2023-06-15,Patrick,1065,1998-04-03,5
Pete,Cat,60965,26,2023-06-15,Star,1066,1997-05-04,6
Pluto,White,70966,27,2023-06-15,Squid,1067,1996-06-05,7
Huey,Red,80967,28,2023-06-15,Ward,1068,1995-07-06,8
Dewey,Black,90968,29,2023-06-15,Eugene,1069,1994-08-07,9
Louise,Brown,100969,30,2023-06-15,Gary,1070,1993-09-08,10
Mickey,Mouse,10970,31,2023-06-15,Sponge,1071,1992-10-09,1
Minnie,Pink,20971,32,2023-06-15,Bob,1072,1991-11-10,2
Donald,Duck,30972,33,2023-06-15,Square,1073,1990-01-11,3
Daisy,Yellow,40973,34,2023-06-15,Pants,1074,1989-01-12,4
Goofy,Dog,50974,35,2023-06-15,Patrick,1075,1988-02-13,5
Pete,Cat,60975,36,2023-06-15,Star,1076,1987-03-14,6
Pluto,White,70976,37,2023-06-15,Squid,1077,1986-04-15,7
Huey,Red,80977,38,2023-06-15,Ward,1078,1985-05-16,8
Dewey,Black,90978,39,2023-06-15,Eugene,1079,1984-06-17,9
Louise,Brown,100979,40,2023-06-15,Gary,1080,1983-07-18,10
Mickey,Mouse,10980,41,2023-06-15,Sponge,1081,1982-08-19,1
Minnie,Pink,20981,42,2023-06-15,Bob,1082,1981-09-20,2
Donald,Duck,30982,43,2023-06-15,Square,1083,1980-10-21,3
Daisy,Yellow,40983,44,2023-06-15,Pants,1084,1979-11-22,4
Goofy,Dog,50984,45,1999-09-16,Patrick,1085,1978-01-23,5
Pete,Cat,60985,46,1999-08-17,Star,1086,1977-01-24,6
Pluto,White,70986,47,1999-07-18,Squid,1087,1976-02-25,7
Huey,Red,80987,48,1999-06-18,Ward,1088,1975-03-26,8
Dewey,Black,90988,49,1999-05-19,Eugene,1089,1974-04-27,9
Louise,Brown,100989,50,1999-04-19,Gary,1090,1973-05-28,10
Mickey,Mouse,10990,51,1999-03-20,Sponge,1091,1972-06-29,1
Minnie,Pink,20991,52,1999-02-18,Bob,1092,1971-07-30,2
Donald,Duck,30992,53,1999-01-19,Square,1093,1970-08-01,3
Daisy,Yellow,40993,54,1998-12-20,Pants,1094,1969-09-01,4
Goofy,Dog,50994,55,1998-11-20,Patrick,1095,1968-10-02,5
Pete,Cat,60995,56,1998-10-21,Star,1096,1967-11-03,6
Pluto,White,70996,57,1998-09-21,Squid,1097,1966-01-04,7
Huey,Red,80997,58,1998-08-22,Ward,1098,1965-01-05,8
Dewey,Black,90998,59,1998-07-23,Eugene,1099,1964-02-06,9
Louise,Brown,100999,60,1998-06-23,Gary,1100,1963-03-07,10
